id,title,house,analyst,date,category,tags,url
20260813_debenture_510558000,"연준 인상 우려 완화, 커브는 스티프닝 예상",키움증권,안예하,2026-08-13,debenture,미국채;연준;금리;채권전략,
20260805_debenture_184573000,베센트의 T-bill 방어선은 언제까지 유효한가,iM증권,김명실,2026-08-05,debenture,T-bill;미국채;재정적자;채권,
20260810_debenture_513880000,"미국 고용의 균열, 단기물·장기물 차별화 가속",SK증권,원유승,2026-08-10,debenture,미국채;고용;연준;장단기스프레드,
20260811_invest_976007000,ETF 트렌드 & 포트폴리오: 수요 패턴과 투자 기준의 변화,하나증권,박승진;신민건,2026-08-10,invest,ETF;글로벌ETF;자금흐름;반도체,
20260806_invest_965961000,"KOSPI200 공매도 추이, ETF 시장 모니터",유진투자증권,강송철,2026-08-05,invest,ETF;공매도;KOSPI200,
20260805_invest_39767000,"쏠림은 덜어내고, 프리미엄은 더한다 - 변동성 장세, 커버드콜 ETF로 대응",유안타증권,,2026-08-05,invest,ETF;커버드콜;변동성,
20260803_debenture_588759000,8월의 크리스마스,한화투자증권,,2026-08-03,debenture,채권시장전망;미국채;한국채;통화정책,
20260810_debenture_560384000,미국채 장기 금리 상승 속도 둔화 예상,키움증권,안예하,2026-08-10,debenture,미국채;장기금리;연준;쿠폰채,
20260803_invest_18580000,정제마진 ATH일 때 봐야하는 ETF,하나증권,장치영,2026-08-03,invest,ETF;정유;정제마진;에너지,
